Precision_Normal,Precision_Cancer,Recall_Normal,Recall_Cancer,Auc_Score,F1_Score,
0.8125,0.6097560975609756,0.7090909090909091,0.7352941176470589,0.7221925133689839,0.7119741100323624