Precision_Normal,Precision_Cancer,Recall_Normal,Recall_Cancer,Auc_Score,F1_Score,
0.8421052631578947,0.78125,0.8727272727272727,0.7352941176470589,0.8040106951871658,0.8073593073593073